ID,Hallazgo/riesgo ético,Evidencia,Impacto técnico potencial,Impacto ético potencial,Mitigación,Criterio aceptación
E01,Duplicación masiva y trazabilidad del tratamiento de datos.,"1025 filas originales; 723 duplicadas exactas (70,54 %); 302 únicas.",Sobreponderación de patrones y posible contaminación entre particiones si se modela sin control.,Decisiones basadas en evidencia de calidad incierta.,"Conservar el original, documentar deduplicación y verificar separación por registro único antes de modelar.",CA-E01: tratamiento de duplicados documentado y verificable.
E02,Cobertura desigual por sexo.,"Únicos: mujeres (sex=0) 96 (31,79 %); hombres (sex=1) 206 (68,21 %).",Menor evidencia para estimar desempeño futuro en el grupo menos representado.,Riesgo de uso inequitativo si no se evalúa la cobertura y el desempeño posterior.,Reportar métricas por sexo sólo al existir modelo y tamaño suficiente; no extrapolar cobertura a población.,CA-E02 y CA-E04.
E03,Cobertura limitada en extremos etarios.,"Únicos: <40=15 (4,97 %); 50--59=125 (41,39 %); 70+=10 (3,31 %).",Estimaciones inestables y generalización incierta en grupos con N reducido.,Posible inequidad si se usa fuera de los grupos respaldados.,"Definir mínimo N, evaluar por edad cuando corresponda y restringir uso no respaldado.",CA-E03 y CA-E04.
E04,Evidencia interseccional insuficiente.,Mujeres <40=5; mujeres 70+=5 registros únicos.,Porcentajes y métricas por intersección serían altamente inestables.,Conclusiones aparentes podrían invisibilizar incertidumbre de grupos pequeños.,Informar N junto con porcentajes; no aprobar uso en combinaciones sin evidencia suficiente.,CA-E03 y CA-E04.
E05,Diferencias descriptivas de target entre subgrupos.,Las proporciones de target por sexo y edad están exportadas con N en representatividad_subgrupos.csv.,"No permiten inferir desempeño, prevalencia ni causalidad.",Interpretación indebida como diferencia poblacional o discriminación.,Tratar resultados como descriptivos; contrastar con validación clínica/local posterior.,CA-E05: validación con datos locales antes de uso.
E06,Cambio de dominio Kaggle hacia hospital chileno.,Dataset académico externo; no representa por sí mismo la población ni el flujo clínico local.,"Deriva de población, medición o práctica clínica; desempeño no transferible.",Riesgo de daños o acceso inequitativo por generalización injustificada.,"Validación local prospectiva, documentación de población objetivo y monitoreo de deriva.",CA-E05 y CA-E09.
E07,Automatización y posibles falsos negativos o positivos.,El alcance define apoyo preventivo y revisión humana; no existe modelo ni métrica clínica validada.,Alertas erróneas u omisiones si un resultado se interpreta como decisión clínica.,"Daño potencial, sesgo de automatización y dilución de responsabilidad.","Human in the Loop, protocolo de revisión, registro de decisión y uso exclusivamente preventivo.",CA-E06 y CA-E10.
E08,Privacidad y gobierno del dato sensible.,"Las alternativas Cloud, Local e Híbrida procesan datos de salud con exposiciones operacionales distintas.","Acceso indebido, retención excesiva o trazabilidad insuficiente.",Afectación de confidencialidad y autonomía de las personas.,"Minimización, pseudonimización, mínimos privilegios, propósito definido, retención y auditoría.",CA-E08.
E09,Transparencia y explicabilidad insuficientes.,SHAP está contemplado como apoyo explicativo; no hay modelo entrenado ni auditoría de desempeño.,No detectar límites o errores por subgrupo mediante explicaciones aisladas.,Confianza injustificada y falta de rendición de cuentas.,"Documentar datos, límites, versiones y auditorías; SHAP complementa, no sustituye, pruebas de equidad.",CA-E07 y CA-E09.
